net,length_um
net1,1664.475
net2,1498.44
clk,1470.41
net3,1030.24
net14,978.94
net27,922.94
net28,916.2
net25,915.26
net29,858.9
net24,835.295
net23,821.56
net30,792.34
clknet_0_clk,776.59
net22,764.62
net31,743.3
_1728_,725.1
net32,716.98
net87,694.1
net19,688.96
net21,675.4
net20,654.755
net33,652.54
net34,629.79
_0447_,604.36
net4,593.94
net6,593.88
net5,551.7
_0441_,549.52
net18,546.57
_0551_,521.87
_0473_,514.36
net17,512.4
_0639_,506.67
_0507_,500.475
_0495_,498.58
_0712_,498.375
_0505_,496.63
net16,495.76
_0457_,485.91
net11,480.66
_0519_,474.96
net7,468.915
net10,461.21
_1835_,455.74
_0443_,450.795
_0548_,450.135
_0429_,448.74
_0483_,446.14
net15,445.96
_0452_,439.04
net8,435.03
clknet_3_6__leaf_clk,432.07
_0595_,428.38
_0571_,425.15
clknet_3_3__leaf_clk,424.44
_0539_,423.075
_0538_,422.81
_0594_,420.46
net13,420.1
clknet_3_1__leaf_clk,414.52
_0476_,409.45
_0472_,406.82
_0535_,406.78
net9,403.58
_0565_,402.54
_0426_,402.52
_0464_,402.22
_0534_,401.675
_0489_,400.285
_0552_,399.77
_0561_,398.59
_0435_,395.79
clknet_3_0__leaf_clk,395.045
clknet_3_7__leaf_clk,392.38
clknet_3_4__leaf_clk,390.9
_1751_,379.8
_0532_,376.9
_1190_,373.38
_0596_,368.55
_0673_,364.68
_0511_,357.34
_0439_,355.34
_0499_,352.335
_0456_,348.44
_0498_,347.275
_0573_,342.33
_1729_,342
_0488_,341.27
_0958_,339.83
_0531_,337.54
_0503_,335.88
clknet_3_5__leaf_clk,331.05
_1858_,330.7
_0862_,329.04
_1235_,325.11
_0660_,322.43
_1128_,318.44
_0635_,318.42
_0927_,317.91
_1836_,317.88
_0425_,317.74
_0526_,311.96
_0480_,309.92
_0853_,309.91
_0530_,308.89
net81,308.6
_0449_,308.23
_0637_,308.18
_0557_,304.7
_0527_,303.955
_0986_,303.02
_2003_,302.35
_0536_,301.32
_0636_,301.05
net12,296.52
_0650_,293.615
_1810_,289.58
_0546_,289.165
_2002_,285.06
_0528_,280.68
_1847_,278.3
_0493_,277.04
_0560_,274.565
_0663_,273.54
_0509_,269.81
_0559_,268.48
_2071_,267.19
_2070_,265.86
_0863_,262.58
clknet_3_2__leaf_clk,259.92
_0543_,259.59
_0669_,258.2
_0652_,255.42
_1329_,254.115
_1146_,249.8
_0776_,246.325
_1764_,243.36
_0533_,242.94
_0666_,242.5
_1220_,241.13
_2025_,239.84
_0653_,238.86
_1234_,238.08
_0657_,236.03
_2014_,234.21
_0542_,233.98
_0556_,233.18
_1206_,232.14
_0674_,232.1
_0492_,231.14
_1821_,230.58
_1799_,230.52
_0899_,227.04
_1112_,224.845
_2093_,220.94
_1040_,220.28
_0555_,218.24
_0438_,214.52
_1028_,211.57
_0470_,210.16
_0649_,206.48
_1205_,206.32
_0396_,205.75
_0487_,204.475
_0816_,203.9
_0434_,199.88
_1052_,199.66
_1222_,199.6
_1120_,197.44
_0939_,197.15
_0506_,192.58
_0394_,191.68
_0479_,191.66
_0834_,191.48
_1164_,188.06
_1211_,187.25
_1054_,187.22
IM.address\[4\],186.93
_0398_,184.355
_0581_,183.98
_0918_,183.84
_2082_,183.52
_0948_,183.5
_0879_,182.04
_1740_,180.45
_0967_,179.56
_1716_,179.5
_1272_,177.9
_0516_,177.11
_1277_,175.39
_0550_,175
_1002_,174.64
_0513_,174.14
_1208_,173.12
_0602_,171.92
_1775_,170.26
_0529_,169.06
_1207_,168.37
_1103_,168.24
_0454_,167.8
_1688_,167.02
_0554_,166.49
_0910_,165.53
_1279_,164.94
_1786_,164.82
net63,164.82
_1109_,164.66
_0844_,163.615
_0890_,162.965
_0638_,162.82
_0605_,162.27
_0782_,161.56
_1149_,161.2
_0872_,159.36
_0794_,156.6
_0496_,155.78
net26,155.78
_0547_,154.42
_0465_,154.375
_0578_,154.1
_0515_,153.1
_1726_,152.42
_0983_,152.26
_0700_,152.08
_0466_,151.855
_0871_,151.38
_1167_,151.32
_0683_,150.72
_0777_,150.38
_0987_,150.26
net62,149.4
_1348_,149.16
_0977_,149.02
_1347_,148.76
_0693_,147.66
_1070_,147.65
_1047_,146.94
_1051_,146.4
_0445_,144
_1623_,143.44
_0747_,142.12
_0442_,139.58
_0739_,139.555
_0405_,138.72
_1005_,138.72
_1089_,138.1
_0791_,137.94
_0453_,137.62
_1486_,137.36
_1086_,136.49
_1187_,136.22
_0417_,135.82
_0954_,135.4
_1143_,135.18
_0610_,134.28
_0705_,133.68
_1655_,133.52
_0893_,133.5
_0661_,132.88
_0731_,132.76
_0773_,132.26
_0907_,132.12
_1584_,131.84
_0662_,131.22
_1174_,131.02
_0940_,130.96
_1245_,129.635
_1701_,129.02
_0450_,128.44
_0749_,128.34
_0504_,128.22
_0684_,127.86
_0475_,127.68
_1355_,126.57
_1081_,126.55
_1048_,126.26
_1155_,125.8
RF.registers\[10\]\[9\],125.68
_1061_,125.52
_1019_,125.48
_0500_,125.08
_0618_,124.6
_0629_,123.98
RF.registers\[7\]\[12\],122.48
_0402_,119.96
_0485_,119.58
_0395_,118.32
_0738_,117.68
_0497_,116.72
_0814_,116.16
_0424_,116.06
_1067_,115.68
_1553_,115.3
_1133_,115.16
_1025_,114.9
_0757_,114.82
_0463_,114.7
_0993_,113.76
_1667_,113.74
_0672_,113.34
_1092_,112.76
_1637_,112.2
_1088_,112.18
_0482_,111.82
_0878_,111.76
_1598_,110.54
clknet_leaf_0_clk,110.44
_0645_,109.88
_1354_,109.555
_1227_,109.18
_0397_,108.935
_1518_,108.4
_1027_,108.2
clknet_leaf_53_clk,107.675
_0714_,107.43
_0448_,107.14
_0916_,106.36
_0740_,104.92
clknet_leaf_70_clk,104.82
_0947_,104.56
_1069_,103.96
_0935_,103.34
_0634_,103.19
_0882_,101.7
_0858_,101.06
_1504_,101
_0621_,100.745
_0909_,99.66
_0590_,98.78
_1011_,98.74
_0843_,98.24
_1137_,98.035
_1216_,97.055
_0412_,96.82
_0938_,96.5
_1616_,96.28
_1078_,96.24
IM.address\[2\],95.9
_0976_,95.1
_1050_,94.92
_0922_,94.82
_0433_,94.8
_0524_,94.54
net86,93.96
_0726_,93.94
_1215_,93.2
RF.registers\[7\]\[14\],93.1
_0467_,92.76
_0861_,91.76
_1517_,91.14
_0766_,90.68
clknet_leaf_49_clk,90.52
_0966_,90.32
clknet_leaf_51_clk,89.66
_1252_,89.22
_1482_,88.62
RF.registers\[4\]\[6\],88.32
_0825_,88.3
net46,87.68
_0906_,87.56
net72,87.36
RF.registers\[7\]\[5\],87.14
_1221_,86.32
RF.registers\[7\]\[7\],86.15
clknet_leaf_50_clk,85.96
_0400_,85.38
clknet_leaf_27_clk,85.22
clknet_leaf_73_clk,85.22
_0717_,84.66
clknet_leaf_39_clk,84.66
IM.address\[1\],84.54
_1408_,84.54
IM.address\[0\],84.52
_0964_,83.76
_1317_,83.48
clknet_leaf_2_clk,83.2
_1310_,83.17
net47,82.84
_0763_,82.8
RF.registers\[7\]\[4\],82.26
_0881_,81.88
clknet_leaf_9_clk,81.72
_1461_,81.42
clknet_leaf_12_clk,81.32
_0544_,81.12
_1286_,81
_0570_,80.86
clknet_leaf_68_clk,80.46
_0469_,80.3
_0957_,79.96
_0446_,79.49
_1476_,79.32
net35,78.98
RF.registers\[7\]\[29\],78.78
_0713_,78.78
_0767_,78.46
clknet_leaf_65_clk,78.44
clknet_leaf_59_clk,78.32
_0520_,78.24
clknet_leaf_10_clk,78.2
RF.registers\[7\]\[10\],78.095
clknet_leaf_75_clk,77.76
net85,76.82
clknet_leaf_47_clk,76.08
clknet_leaf_26_clk,75.8
_0810_,75.64
net61,75.6
clknet_leaf_67_clk,75.42
_0691_,75.18
_0622_,75.04
_1147_,75
_0620_,74.94
_1626_,74.6
_0756_,74.22
_1037_,74.18
RF.registers\[7\]\[6\],73.8
clknet_leaf_5_clk,73.55
_0430_,73.52
_1372_,73.2
_1099_,72.92
_0812_,72.6
_1464_,72.24
_0667_,72.04
_0648_,72
clknet_leaf_37_clk,71.98
_0789_,71.76
_0593_,71.58
RF.registers\[4\]\[3\],71.46
_0403_,71.36
_1569_,71.14
_0981_,71
_0902_,70.9
_0972_,70.84
RF.registers\[7\]\[8\],70.62
_1615_,70.12
_0702_,69.7
RF.registers\[5\]\[5\],69.43
clknet_leaf_22_clk,69.335
_1512_,69.32
RF.registers\[7\]\[3\],69.08
_1488_,69.04
_0514_,68.95
_1247_,68.8
_0800_,68.36
_0566_,68.32
_1619_,68.3
_0623_,68.06
RF.registers\[5\]\[4\],67.94
_1029_,67.9
_0647_,67.74
clknet_leaf_36_clk,67.56
_0784_,67.48
clknet_leaf_61_clk,67.02
clknet_leaf_13_clk,66.98
_0710_,66.94
_0849_,66.94
_0601_,66.84
_1107_,66.44
RF.registers\[5\]\[18\],66.4
_1278_,66.12
RF.registers\[4\]\[5\],65.99
_0824_,65.64
_0917_,65.62
_1340_,65.44
_0889_,65.06
_1413_,64.76
_1444_,64.68
clknet_leaf_64_clk,64.58
_1345_,64.1
RF.registers\[7\]\[16\],63.9
_1437_,63.88
clknet_leaf_23_clk,63.74
clknet_leaf_15_clk,63.28
clknet_leaf_43_clk,63.04
RF.registers\[15\]\[0\],62.88
_0567_,62.72
clknet_leaf_33_clk,62.66
net78,62.54
_1393_,62.46
clknet_leaf_58_clk,62.44
_0460_,62.38
clknet_leaf_77_clk,62.32
_0418_,62.3
RF.registers\[6\]\[4\],62.12
RF.registers\[6\]\[10\],62
clknet_leaf_6_clk,61.96
RF.registers\[5\]\[3\],61.78
_1119_,61.46
_0616_,61.36
clknet_leaf_25_clk,61.26
_0923_,61.16
_1020_,61.14
clknet_leaf_11_clk,60.96
_1377_,60.88
_1376_,60.8
_1084_,60.78
_0945_,60.7
clknet_leaf_31_clk,60.56
_0835_,60.32
_0655_,60.22
_1009_,60.1
_0455_,59.96
_1090_,59.64
net44,59.52
net42,59.44
RF.registers\[4\]\[8\],59.32
_1311_,59.2
_0801_,59.1
_0656_,58.94
clknet_leaf_40_clk,58.82
clknet_leaf_34_clk,58.52
_1534_,58.5
_1271_,58.26
_1556_,58.08
RF.registers\[10\]\[29\],57.94
IM.address\[3\],57.86
net79,57.72
_0644_,57.52
_1163_,57.48
_0411_,57.36
_0730_,57.22
_0992_,57.14
_0409_,56.94
_1602_,56.94
_0404_,56.9
_1246_,56.4
_1537_,56.1
_0408_,55.94
_0576_,55.78
_1023_,55.6
_1243_,55.535
clknet_leaf_69_clk,55.42
clknet_leaf_41_clk,55.38
RF.registers\[7\]\[17\],55.18
RF.registers\[10\]\[22\],55.02
_0997_,55.02
RF.registers\[5\]\[8\],54.88
_1244_,54.86
_1356_,54.86
clknet_leaf_56_clk,54.8
_1209_,54.79
_0811_,54.76
net93,54.72
_0399_,54.48
net77,54.3
_0772_,54.26
_0421_,54.1
_1000_,53.84
RF.registers\[20\]\[6\],53.58
_1548_,53.28
RF.registers\[7\]\[0\],53.16
_1579_,52.98
_1280_,52.84
_1401_,52.84
RF.registers\[20\]\[7\],52.48
_1105_,52.46
_1273_,52.4
RF.registers\[7\]\[11\],52.38
clknet_leaf_35_clk,52.38
_1307_,52.36
_1175_,52.3
net89,52.24
clknet_leaf_66_clk,51.96
_1142_,51.92
RF.registers\[6\]\[3\],51.86
_0572_,51.62
_1640_,51.54
RF.registers\[7\]\[2\],51.38
clknet_leaf_45_clk,51.08
_0461_,51.04
_0613_,50.92
clknet_leaf_74_clk,50.92
clknet_leaf_60_clk,50.4
RF.registers\[5\]\[10\],50.3
RF.registers\[7\]\[19\],50.2
_1141_,50.12
_1659_,50.04
_1200_,50.02
_0612_,49.92
RF.registers\[5\]\[6\],49.86
_0970_,49.82
_0848_,49.78
clknet_leaf_52_clk,49.755
RF.registers\[10\]\[8\],49.72
_1063_,49.58
RF.registers\[5\]\[7\],49.24
_1546_,49.18
_0670_,49.08
_1162_,48.74
_1426_,48.68
_0785_,48.54
_0850_,48.36
_1612_,48.01
_0978_,48
_1015_,47.86
RF.registers\[15\]\[30\],47.82
RF.registers\[15\]\[1\],47.54
clknet_leaf_48_clk,47.52
_0829_,47.4
RF.registers\[15\]\[2\],47.36
_1055_,47.35
clknet_leaf_24_clk,46.9
RF.registers\[5\]\[24\],46.74
_1457_,46.36
_0982_,46.22
RF.registers\[7\]\[25\],46.19
RF.registers\[7\]\[1\],46.095
clknet_leaf_7_clk,45.76
RF.registers\[0\]\[30\],45.74
RF.registers\[6\]\[16\],45.72
_0633_,45.64
_0736_,45.64
_1550_,45.58
RF.registers\[21\]\[6\],45.36
clknet_leaf_30_clk,45.3
RF.registers\[6\]\[12\],45.08
_1638_,45.02
_0704_,44.78
_0996_,44.755
_0975_,44.68
_1152_,44.66
_1094_,44.54
_1484_,44.44
RF.registers\[6\]\[7\],44.42
RF.registers\[10\]\[30\],44.28
_0436_,44.16
_0868_,43.88
_1097_,43.88
_1522_,43.7
_0432_,43.6
_1071_,43.44
net56,43.3
_0458_,43.28
RF.registers\[10\]\[17\],43.2
clknet_leaf_71_clk,43.16
clknet_leaf_54_clk,43.12
RF.registers\[5\]\[17\],42.92
clknet_leaf_42_clk,42.9
clknet_leaf_46_clk,42.72
_0842_,42.62
clknet_leaf_62_clk,42.6
_0806_,42.42
RF.registers\[6\]\[5\],42.26
RF.registers\[5\]\[19\],42.2
RF.registers\[7\]\[13\],41.97
_1390_,41.87
RF.registers\[6\]\[11\],41.8
clknet_leaf_8_clk,41.62
_1506_,41.38
RF.registers\[7\]\[20\],41.3
_1685_,41
_0860_,40.74
_1135_,40.7
_1440_,40.66
_0805_,40.62
_1007_,40.42
_1230_,40.32
clknet_leaf_19_clk,40.28
net60,40.26
_1448_,40.16
clknet_leaf_72_clk,40.04
RF.registers\[4\]\[4\],40.02
clknet_leaf_28_clk,40
_1718_,39.98
_1197_,39.86
_0956_,39.78
net37,39.68
clknet_leaf_57_clk,39.66
_1062_,39.64
_1012_,39.55
_0423_,39.375
_0892_,39.36
net88,39.3
_0901_,39.22
_1527_,39.145
_0459_,39.1
_0699_,39.04
_0494_,38.9
RF.registers\[6\]\[0\],38.88
_0796_,38.84
_1635_,38.8
_1018_,38.78
_0414_,38.66
_1299_,38.46
clknet_leaf_76_clk,38.36
clknet_leaf_16_clk,38.06
_0462_,38.02
_1352_,37.94
_1465_,37.94
clknet_leaf_32_clk,37.94
net41,37.82
_0624_,37.78
RF.registers\[10\]\[24\],37.5
_0512_,37.46
_1321_,37.32
net45,37.06
clknet_leaf_1_clk,37.02
_1212_,36.96
RF.registers\[5\]\[13\],36.94
clknet_leaf_63_clk,36.94
RF.registers\[7\]\[22\],36.58
_1241_,36.46
RF.registers\[4\]\[7\],36.42
_1013_,36.26
RF.registers\[6\]\[8\],35.8
_0928_,35.7
_1058_,35.68
_0563_,35.6
RF.registers\[5\]\[1\],35.5
_0508_,35.48
net90,35.4
RF.registers\[6\]\[6\],35.38
RF.registers\[10\]\[7\],35.36
_0592_,35.34
_0477_,35.26
_0887_,35.26
RF.registers\[10\]\[2\],35.18
RF.registers\[7\]\[15\],35.14
_1519_,35.12
_1189_,34.58
_0990_,34.54
RF.registers\[7\]\[28\],34.44
clknet_leaf_29_clk,34.42
clknet_leaf_17_clk,34.38
RF.registers\[6\]\[13\],34.3
_0830_,34.3
_1080_,34.3
_1561_,34.26
clknet_leaf_44_clk,34.22
RF.registers\[5\]\[2\],34
RF.registers\[7\]\[23\],33.84
_1327_,33.84
_1268_,33.62
RF.registers\[4\]\[17\],33.58
_0969_,33.5
_0984_,33.42
_1391_,33.34
_0995_,33.26
_1330_,33.14
_1490_,33.09
_0937_,33.04
_0577_,33
_0911_,33
RF.registers\[6\]\[2\],32.92
_1499_,32.74
_1460_,32.5
clknet_leaf_14_clk,32.5
RF.registers\[10\]\[27\],32.46
net74,32.4
_1608_,32.24
_0823_,32.08
_1322_,32.04
_1617_,32.02
_1157_,31.62
RF.registers\[7\]\[21\],31.54
_1516_,31.5
RF.registers\[7\]\[27\],31.4
_0626_,31.4
_1022_,31.4
_1446_,31.34
RF.registers\[10\]\[0\],31.23
_1416_,31.14
_1302_,31.08
RF.registers\[10\]\[18\],30.98
RF.registers\[7\]\[24\],30.86
_1388_,30.86
RF.registers\[5\]\[16\],30.84
_1199_,30.78
RF.registers\[7\]\[18\],30.74
_1466_,30.74
_1493_,30.74
_0413_,30.64
_1159_,30.62
RF.registers\[25\]\[1\],30.52
_0682_,30.44
_1224_,30.34
_0600_,30.24
_1158_,30.08
net95,30
_1404_,29.92
clknet_leaf_20_clk,29.9
RF.registers\[5\]\[0\],29.88
RF.registers\[0\]\[12\],29.82
_1145_,29.82
_1349_,29.78
RF.registers\[10\]\[31\],29.72
RF.registers\[7\]\[9\],29.7
_0991_,29.64
_0818_,29.62
_1297_,29.54
clknet_leaf_3_clk,29.48
RF.registers\[6\]\[22\],29.29
_1680_,29.26
_1034_,29.24
_0790_,29.14
_0659_,29.08
_1043_,29.06
_1605_,28.975
_1389_,28.9
_1379_,28.74
_0924_,28.62
_1474_,28.56
_0771_,28.36
_1124_,28.26
RF.registers\[10\]\[1\],28.08
RF.registers\[6\]\[1\],27.94
_0651_,27.8
clknet_leaf_4_clk,27.78
_1577_,27.64
_0537_,27.56
net48,27.44
_1367_,27.24
net65,27.24
RF.registers\[10\]\[16\],27.12
RF.registers\[6\]\[14\],27.1
_1001_,27.02
_1335_,27.02
_1588_,26.9
net92,26.86
_1429_,26.78
_1508_,26.78
_0826_,26.66
_0689_,26.64
_1576_,26.56
_0525_,26.515
_0420_,26.48
RF.registers\[4\]\[12\],26.36
_1290_,26.36
_1395_,26.36
_2037_,26.18
RF.registers\[4\]\[30\],26.14
RF.registers\[7\]\[31\],26.11
_1282_,26.06
_0807_,25.96
_1545_,25.96
_1798_,25.8
_0754_,25.76
_1483_,25.65
_1660_,25.62
_1342_,25.44
net36,25.3
_0748_,25.24
_1108_,25.22
_0875_,25.18
_0517_,25.16
_1542_,25
_0831_,24.98
_0839_,24.98
_2105_,24.8
_1144_,24.72
_1677_,24.68
RF.registers\[10\]\[5\],24.52
RF.registers\[0\]\[15\],24.44
_0786_,24.42
_0675_,24.38
_1690_,24.38
RF.registers\[4\]\[0\],24.32
_0510_,24.14
_1193_,24.14
net38,24.14
_0925_,24.12
RF.registers\[5\]\[9\],24.1
_0646_,24.04
RF.registers\[0\]\[0\],24.02
_0553_,23.96
RF.registers\[8\]\[6\],23.84
_1572_,23.78
RF.registers\[4\]\[24\],23.68
_1127_,23.6
_1531_,23.54
_1763_,23.5
RF.registers\[0\]\[3\],23.48
_0611_,23.38
_1076_,23.38
_1423_,23.24
_0930_,23.2
_1702_,23.16
_1178_,23.14
_1194_,23.08
RF.registers\[10\]\[6\],22.88
RF.registers\[0\]\[27\],22.84
_1418_,22.78
RF.registers\[0\]\[1\],22.66
_0845_,22.62
_1643_,22.62
RF.registers\[4\]\[18\],22.56
_0665_,22.52
_1651_,22.5
RF.registers\[0\]\[9\],22.24
_0864_,22.24
_1509_,22.24
RF.registers\[0\]\[20\],22.2
_1676_,22.14
_1306_,22
_0820_,21.94
RF.registers\[6\]\[19\],21.78
RF.registers\[4\]\[16\],21.76
_1176_,21.76
RF.registers\[0\]\[18\],21.7
_0746_,21.68
RF.registers\[5\]\[25\],21.66
_0792_,21.66
_0762_,21.62
RF.registers\[4\]\[1\],21.5
_0468_,21.5
RF.registers\[8\]\[7\],21.44
_0451_,21.38
RF.registers\[9\]\[1\],21.36
_1217_,21.34
_1700_,21.32
_1566_,21.26
_1600_,21.26
_0688_,21.24
_0481_,21.2
_1666_,21.2
RF.registers\[0\]\[23\],21.18
_1254_,21.18
_1191_,21.16
RF.registers\[0\]\[21\],21.02
_1533_,21.02
RF.registers\[6\]\[17\],21
RF.registers\[0\]\[5\],20.94
_1316_,20.94
_1399_,20.88
RF.registers\[6\]\[20\],20.84
_1634_,20.84
RF.registers\[5\]\[14\],20.82
RF.registers\[5\]\[27\],20.76
_1581_,20.76
RF.registers\[0\]\[31\],20.74
_1498_,20.7
RF.registers\[8\]\[17\],20.66
RF.registers\[4\]\[31\],20.62
_1284_,20.6
_1538_,20.6
_1469_,20.54
_1344_,20.52
_1491_,20.46
RF.registers\[0\]\[16\],20.44
_1136_,20.44
_1169_,20.42
_1115_,20.4
_1595_,20.4
_1331_,20.22
_1077_,20.12
_1362_,20.12
_1318_,20.1
_0960_,20.06
_1323_,20.06
_0132_,20.055
_0068_,20.045
_1351_,20.02
_1380_,20.02
RF.registers\[0\]\[7\],20
_1611_,19.98
RF.registers\[4\]\[2\],19.96
_0919_,19.955
RF.registers\[21\]\[5\],19.92
_1203_,19.92
_0678_,19.9
_0419_,19.86
_0813_,19.86
_1059_,19.86
RF.registers\[10\]\[25\],19.84
_1646_,19.84
RF.registers\[15\]\[27\],19.82
_1674_,19.82
_1060_,19.74
_1266_,19.705
_1195_,19.68
net59,19.66
_0685_,19.64
_1411_,19.61
net82,19.5
_1582_,19.44
_1704_,19.4
_0913_,19.38
RF.registers\[4\]\[9\],19.36
_1507_,19.3
_0926_,19.28
_0768_,19.1
_1714_,19.06
_0695_,19
_0545_,18.98
_1065_,18.96
RF.registers\[8\]\[5\],18.94
_1670_,18.94
RF.registers\[4\]\[14\],18.8
_1665_,18.78
RF.registers\[4\]\[19\],18.76
_1523_,18.76
_1432_,18.64
_0798_,18.6
_1433_,18.46
RF.registers\[8\]\[22\],18.44
RF.registers\[20\]\[5\],18.42
net49,18.4
_1073_,18.36
_1134_,18.36
RF.registers\[0\]\[6\],18.3
_1455_,18.26
_1289_,18.2
RF.registers\[25\]\[5\],18.12
RF.registers\[5\]\[12\],18.1
_0725_,18.1
RF.registers\[10\]\[23\],18.06
_0292_,18.06
_1358_,18.06
_1436_,18.06
RF.registers\[21\]\[23\],18.04
_0959_,18.04
_1118_,17.98
_1125_,17.96
_1515_,17.9
RF.registers\[0\]\[22\],17.88
RF.registers\[20\]\[11\],17.86
RF.registers\[0\]\[17\],17.82
RF.registers\[20\]\[0\],17.8
RF.registers\[4\]\[15\],17.8
RF.registers\[21\]\[11\],17.74
RF.registers\[10\]\[28\],17.72
_0100_,17.705
RF.registers\[5\]\[26\],17.68
_0859_,17.68
RF.registers\[10\]\[15\],17.64
_1627_,17.62
_1934_,17.62
RF.registers\[7\]\[26\],17.56
_1104_,17.56
_1520_,17.56
_1481_,17.54
_1574_,17.5
_1309_,17.46
RF.registers\[9\]\[2\],17.44
_1357_,17.36
_1300_,17.32
RF.registers\[6\]\[31\],17.305
_1172_,17.3
RF.registers\[25\]\[6\],17.2
_1713_,17.2
_1632_,17.18
_1430_,17.08
RF.registers\[5\]\[23\],17.06
net43,17.06
_1387_,17.04
RF.registers\[6\]\[30\],17.02
_1100_,17.02
_1123_,16.96
RF.registers\[0\]\[25\],16.84
_1425_,16.84
_0361_,16.825
RF.registers\[0\]\[14\],16.82
RF.registers\[9\]\[28\],16.82
RF.registers\[21\]\[28\],16.8
RF.registers\[10\]\[12\],16.78
_0591_,16.78
_1407_,16.74
RF.registers\[0\]\[2\],16.72
RF.registers\[9\]\[14\],16.66
_1285_,16.62
RF.registers\[4\]\[11\],16.6
net64,16.56
_1668_,16.54
_1647_,16.52
_1188_,16.5
_0583_,16.48
_0478_,16.46
_0615_,16.46
_0936_,16.46
_1250_,16.44
_1610_,16.44
_1480_,16.4
RF.registers\[15\]\[21\],16.39
_1663_,16.38
RF.registers\[21\]\[9\],16.34
_1884_,16.24
RF.registers\[21\]\[12\],16.2
RF.registers\[0\]\[10\],16.18
RF.registers\[6\]\[24\],16.18
_1196_,16.18
control,16.16
RF.registers\[15\]\[10\],16.14
RF.registers\[15\]\[13\],16.14
_1870_,16.14
_1918_,16.12
_0195_,16.085
RF.registers\[20\]\[14\],16.08
_1121_,16.08
_1443_,16.08
RF.registers\[9\]\[27\],16.06
RF.registers\[0\]\[4\],16.04
_0440_,16
_1606_,15.94
RF.registers\[8\]\[12\],15.92
_0999_,15.92
_1671_,15.92
_1225_,15.82
RF.registers\[6\]\[21\],15.8
RF.registers\[6\]\[27\],15.8
RF.registers\[6\]\[9\],15.76
_0679_,15.76
RF.registers\[5\]\[20\],15.72
RF.registers\[4\]\[13\],15.66
_1921_,15.66
_1926_,15.66
_0724_,15.64
_1427_,15.64
_1669_,15.64
RF.registers\[10\]\[19\],15.62
_1183_,15.58
RF.registers\[5\]\[31\],15.56
RF.registers\[5\]\[21\],15.54
RF.registers\[25\]\[18\],15.52
RF.registers\[25\]\[22\],15.52
_0744_,15.52
_1833_,15.52
_1887_,15.5
RF.registers\[5\]\[29\],15.48
_1370_,15.44
_1559_,15.415
_1705_,15.36
_1708_,15.36
_0248_,15.305
_0865_,15.26
_1110_,15.24
_1434_,15.24
RF.registers\[0\]\[19\],15.22
_1613_,15.2
RF.registers\[21\]\[0\],15.18
RF.registers\[6\]\[15\],15.18
_1361_,15.18
RF.registers\[20\]\[16\],15.16
RF.registers\[9\]\[24\],15.14
RF.registers\[5\]\[28\],15.12
_1398_,15.1
RF.registers\[6\]\[25\],15.04
_1202_,15.04
_1892_,15
RF.registers\[10\]\[10\],14.98
_0707_,14.96
_1339_,14.92
_1501_,14.92
_1593_,14.92
_2134_,14.9
RF.registers\[15\]\[16\],14.88
_0608_,14.88
_1500_,14.88
_1998_,14.86
_1933_,14.84
_1095_,14.82
_1567_,14.8
_0009_,14.745
RF.registers\[10\]\[21\],14.68
RF.registers\[25\]\[7\],14.68
_0867_,14.66
_1085_,14.66
RF.registers\[9\]\[11\],14.62
_1641_,14.62
_1540_,14.52
_0036_,14.465
_2122_,14.46
_1228_,14.44
RF.registers\[20\]\[31\],14.42
RF.registers\[25\]\[0\],14.42
_0761_,14.42
_1148_,14.42
_1931_,14.38
RF.registers\[20\]\[29\],14.36
RF.registers\[21\]\[25\],14.36
RF.registers\[21\]\[22\],14.35
_0558_,14.34
_0775_,14.34
_1510_,14.34
_1530_,14.34
RF.registers\[15\]\[20\],14.3
_0765_,14.3
_1724_,14.3
_1359_,14.26
_1524_,14.26
_1126_,14.24
_0727_,14.2
_1932_,14.18
_1650_,14.16
RF.registers\[8\]\[14\],14.12
_1683_,14.12
_1053_,14.1
RF.registers\[0\]\[11\],14.08
_0589_,14.08
RF.registers\[10\]\[14\],14.06
RF.registers\[5\]\[30\],14.06
_1262_,14.06
RF.registers\[10\]\[26\],14.04
_1899_,14
_1532_,13.98
_1720_,13.98
RF.registers\[10\]\[13\],13.96
_1454_,13.96
_2041_,13.96
_1565_,13.92
_1276_,13.9
_2132_,13.88
RF.registers\[6\]\[26\],13.84
_2001_,13.84
_2059_,13.82
RF.registers\[21\]\[15\],13.78
RF.registers\[21\]\[18\],13.78
_1479_,13.74
_0973_,13.72
_0179_,13.705
RF.registers\[0\]\[29\],13.68
_1441_,13.68
_1956_,13.68
_1988_,13.68
_1984_,13.66
RF.registers\[0\]\[13\],13.6
RF.registers\[25\]\[19\],13.58
_1902_,13.58
RF.registers\[10\]\[11\],13.56
RF.registers\[20\]\[23\],13.56
RF.registers\[7\]\[30\],13.5
_1925_,13.5
_1961_,13.5
RF.registers\[9\]\[20\],13.48
_1381_,13.48
RF.registers\[20\]\[9\],13.46
_0804_,13.46
_1620_,13.46
_1364_,13.42
RF.registers\[20\]\[22\],13.4
_1016_,13.38
_1898_,13.34
_0951_,13.32
_1226_,13.3
RF.registers\[6\]\[23\],13.28
_1629_,13.27
_1573_,13.26
_0484_,13.24
_1869_,13.22
_1150_,13.16
_1994_,13.16
RF.registers\[20\]\[10\],13.12
RF.registers\[20\]\[25\],13.1
_1257_,13.1
RF.registers\[15\]\[15\],13.08
_0946_,13.08
_0737_,13.04
_0764_,13.04
_1238_,13.04
_1346_,13.04
_1891_,13.04
_2069_,13.04
_1006_,13.02
_0851_,13
_1960_,13
_1458_,12.96
_1977_,12.96
_1722_,12.94
RF.registers\[0\]\[8\],12.92
_1587_,12.92
_1832_,12.92
_1594_,12.9
_1412_,12.88
_1749_,12.86
_2036_,12.84
_0897_,12.82
RF.registers\[0\]\[24\],12.8
RF.registers\[25\]\[30\],12.8
_1679_,12.8
_1692_,12.8
_0718_,12.78
_0294_,12.76
_1682_,12.7
net84,12.68
RF.registers\[9\]\[7\],12.66
_0896_,12.66
_0904_,12.66
RF.registers\[20\]\[12\],12.64
RF.registers\[6\]\[29\],12.64
RF.registers\[9\]\[5\],12.64
_1684_,12.64
_1723_,12.64
_1904_,12.62
_1928_,12.62
_1554_,12.6
RF.registers\[25\]\[29\],12.58
RF.registers\[4\]\[21\],12.58
_1897_,12.58
_1938_,12.58
_2135_,12.58
_2050_,12.56
RF.registers\[25\]\[3\],12.54
RF.registers\[4\]\[22\],12.54
_1156_,12.54
_1886_,12.54
_1923_,12.54
_0640_,12.5
RF.registers\[10\]\[20\],12.48
RF.registers\[15\]\[14\],12.48
RF.registers\[21\]\[2\],12.48
RF.registers\[21\]\[14\],12.46
RF.registers\[21\]\[26\],12.46
_0586_,12.46
RF.registers\[21\]\[19\],12.44
RF.registers\[4\]\[25\],12.44
RF.registers\[25\]\[27\],12.42
_1237_,12.42
_1590_,12.42
_2044_,12.42
RF.registers\[8\]\[16\],12.38
RF.registers\[6\]\[28\],12.32
RF.registers\[8\]\[10\],12.32
_1045_,12.28
_1320_,12.26
_0808_,12.24
_0968_,12.24
_2063_,12.24
_1303_,12.22
RF.registers\[25\]\[23\],12.18
_1281_,12.16
_1789_,12.14
RF.registers\[21\]\[27\],12.12
RF.registers\[21\]\[29\],12.1
RF.registers\[5\]\[22\],12.1
RF.registers\[9\]\[0\],12.1
_2051_,12.1
_0410_,12.08
_0698_,12.08
_1275_,12.08
_1951_,12.08
_1954_,12.08
_1983_,12.08
_1698_,12.06
RF.registers\[21\]\[16\],12.04
_0692_,12.04
_1797_,12
_1982_,12
_1910_,11.98
RF.registers\[25\]\[31\],11.96
_0664_,11.94
RF.registers\[8\]\[9\],11.9
RF.registers\[21\]\[3\],11.88
RF.registers\[20\]\[15\],11.84
RF.registers\[21\]\[20\],11.84
RF.registers\[9\]\[21\],11.84
RF.registers\[9\]\[6\],11.84
_1596_,11.84
_1762_,11.84
RF.registers\[25\]\[24\],11.78
_1995_,11.78
_2068_,11.78
RF.registers\[8\]\[4\],11.77
RF.registers\[25\]\[2\],11.74
RF.registers\[9\]\[23\],11.74
_1375_,11.74
_1528_,11.74
_2127_,11.74
_1757_,11.72
_1489_,11.7
RF.registers\[21\]\[30\],11.66
_0832_,11.66
_1343_,11.66
_1986_,11.66
clknet_leaf_18_clk,11.66
_1259_,11.62
_1368_,11.62
_1521_,11.62
net53,11.62
_1236_,11.6
_0873_,11.58
RF.registers\[0\]\[26\],11.56
_1691_,11.56
RF.registers\[20\]\[17\],11.54
_0877_,11.48
_0994_,11.46
_1287_,11.46
_1338_,11.46
_1301_,11.42
_1589_,11.42
_1424_,11.4
RF.registers\[9\]\[16\],11.38
_0401_,11.34
RF.registers\[9\]\[31\],11.32
_1315_,11.32
_2067_,11.32
RF.registers\[21\]\[17\],11.3
_1265_,11.3
RF.registers\[25\]\[20\],11.24
net52,11.24
RF.registers\[10\]\[3\],11.2
RF.registers\[15\]\[5\],11.2
RF.registers\[20\]\[26\],11.2
RF.registers\[20\]\[27\],11.2
RF.registers\[8\]\[2\],11.2
RF.registers\[9\]\[3\],11.2
_2060_,11.2
net91,11.18
_0903_,11.16
_1913_,11.16
_2117_,11.16
RF.registers\[6\]\[18\],11.14
_1223_,11.12
RF.registers\[9\]\[15\],11.08
_1374_,11.08
RF.registers\[9\]\[17\],11.02
_1622_,11.02
_1946_,11
_1396_,10.94
RF.registers\[20\]\[18\],10.92
_1263_,10.92
_1229_,10.9
_1201_,10.88
RF.registers\[8\]\[31\],10.86
_0815_,10.86
_1953_,10.86
_1985_,10.86
_1990_,10.86
_1996_,10.86
RF.registers\[5\]\[11\],10.82
RF.registers\[9\]\[12\],10.82
_0819_,10.82
_1010_,10.82
RF.registers\[8\]\[19\],10.8
_1575_,10.8
_1888_,10.8
_0580_,10.78
_1753_,10.78
_2118_,10.78
net69,10.77
_1336_,10.76
RF.registers\[20\]\[28\],10.74
RF.registers\[20\]\[30\],10.74
RF.registers\[4\]\[28\],10.74
RF.registers\[8\]\[28\],10.74
_1919_,10.74
_1920_,10.74
_1922_,10.74
_1974_,10.74
_1979_,10.74
_1471_,10.72
_1630_,10.7
_1964_,10.7
_1405_,10.68
_0857_,10.66
_0880_,10.58
_1952_,10.58
_1981_,10.58
RF.registers\[8\]\[0\],10.56
_1752_,10.54
RF.registers\[20\]\[13\],10.52
RF.registers\[8\]\[11\],10.52
RF.registers\[20\]\[8\],10.5
RF.registers\[8\]\[24\],10.5
_1987_,10.5
RF.registers\[15\]\[9\],10.46
RF.registers\[9\]\[18\],10.46
RF.registers\[9\]\[29\],10.46
_1116_,10.44
_1131_,10.44
_1180_,10.44
RF.registers\[4\]\[23\],10.42
RF.registers\[15\]\[12\],10.4
_1113_,10.4
_1915_,10.4
_1989_,10.4
RF.registers\[10\]\[4\],10.38
RF.registers\[21\]\[21\],10.36
RF.registers\[4\]\[26\],10.32
_0690_,10.32
_0701_,10.32
_0905_,10.32
_1712_,10.32
_1894_,10.28
_1955_,10.28
_1958_,10.28
RF.registers\[15\]\[19\],10.26
_1969_,10.26
_0944_,10.24
_2054_,10.24
RF.registers\[20\]\[20\],10.21
_0627_,10.2
_1992_,10.2
_1703_,10.18
RF.registers\[25\]\[26\],10.16
RF.registers\[9\]\[19\],10.16
RF.registers\[9\]\[26\],10.16
RF.registers\[15\]\[7\],10.08
RF.registers\[25\]\[10\],10.04
_1213_,10.04
_0130_,10.005
RF.registers\[0\]\[28\],9.96
_1365_,9.94
_1889_,9.94
_1947_,9.94
_2126_,9.94
RF.registers\[5\]\[15\],9.92
_1033_,9.9
_1046_,9.9
_1459_,9.9
_1924_,9.9
ALUresult[30],9.88
_1912_,9.88
_1975_,9.88
_0298_,9.865
_0588_,9.86
_1896_,9.86
_1968_,9.86
_1993_,9.86
_2062_,9.86
_0189_,9.845
_0406_,9.84
RF.registers\[4\]\[29\],9.82
_1908_,9.82
_2057_,9.82
_2124_,9.82
net50,9.82
_0625_,9.78
_0196_,9.725
RF.registers\[8\]\[27\],9.72
_0390_,9.685
RF.registers\[8\]\[20\],9.62
_2049_,9.62
_0275_,9.615
_0802_,9.6
RF.registers\[15\]\[11\],9.58
RF.registers\[25\]\[12\],9.58
RF.registers\[25\]\[14\],9.58
RF.registers\[4\]\[10\],9.58
_0840_,9.56
_1649_,9.54
RF.registers\[20\]\[2\],9.52
RF.registers\[25\]\[16\],9.48
_0755_,9.48
_1644_,9.48
_2137_,9.48
_1497_,9.44
_1544_,9.44
_2038_,9.44
ALUresult[5],9.42
_1741_,9.42
_1744_,9.42
_1768_,9.42
_1867_,9.42
_0518_,9.4
_1607_,9.4
_2042_,9.4
_1939_,9.36
_1963_,9.36
_1976_,9.36
_1991_,9.36
_2048_,9.36
_2114_,9.36
_2034_,9.34
_2131_,9.34
_0427_,9.32
_0711_,9.32
_0886_,9.32
_1456_,9.32
_1562_,9.32
_1906_,9.32
_2121_,9.32
_1543_,9.28
RF.registers\[21\]\[1\],9.24
_1450_,9.24
RF.registers\[8\]\[3\],9.22
_1258_,9.22
_1151_,9.2
RF.registers\[21\]\[31\],9.16
_0378_,9.145
RF.registers\[8\]\[8\],9.14
_1583_,9.08
RF.registers\[4\]\[20\],9.06
_0929_,9.06
RF.registers\[20\]\[24\],9.03
RF.registers\[9\]\[4\],9.02
_1890_,9.02
_1971_,9.02
_0207_,8.985
_1292_,8.98
_1914_,8.98
_1941_,8.98
_2066_,8.98
_2101_,8.98
net73,8.98
ALUresult[10],8.96
_0619_,8.96
_1240_,8.96
_1911_,8.96
_0203_,8.945
_1846_,8.94
_1895_,8.94
_2119_,8.94
RF.registers\[9\]\[9\],8.9
_1314_,8.9
_1656_,8.9
_0607_,8.88
_0376_,8.865
_0696_,8.86
_0722_,8.86
_1256_,8.86
_1468_,8.86
_1725_,8.86
RF.registers\[25\]\[28\],8.8
RF.registers\[15\]\[6\],8.78
RF.registers\[8\]\[25\],8.72
_1697_,8.72
_0295_,8.7
RF.registers\[25\]\[13\],8.68
RF.registers\[9\]\[22\],8.66
_1074_,8.64
_1312_,8.64
_0154_,8.625
RF.registers\[4\]\[27\],8.6
_1738_,8.6
_1693_,8.58
net39,8.58
_1570_,8.56
_1903_,8.56
_1944_,8.56
_2056_,8.56
RF.registers\[21\]\[13\],8.52
_0721_,8.52
_0876_,8.52
_1114_,8.52
_1604_,8.52
_1936_,8.52
ALUresult[15],8.5
RF.registers\[15\]\[31\],8.48
_1419_,8.48
_1862_,8.48
RF.registers\[9\]\[25\],8.44
_1603_,8.44
_1893_,8.44
_1957_,8.44
_1970_,8.44
_2058_,8.44
_2130_,8.44
clknet_leaf_21_clk,8.42
_0729_,8.4
_0934_,8.4
_1467_,8.4
_1834_,8.4
_1962_,8.4
_0720_,8.36
_2053_,8.36
net66,8.36
RF.registers\[9\]\[13\],8.32
_1035_,8.3
_0027_,8.285
_0123_,8.285
_1129_,8.28
RF.registers\[25\]\[17\],8.24
RF.registers\[8\]\[30\],8.24
_0856_,8.24
_1319_,8.2
_1154_,8.18
_0171_,8.145
_1232_,8.14
_1696_,8.14
_1980_,8.14
_1472_,8.12
_2113_,8.12
RF.registers\[20\]\[19\],8.1
_0628_,8.1
_0971_,8.1
_1324_,8.1
_1568_,8.1
_1809_,8.1
_1929_,8.1
_1930_,8.1
_1940_,8.1
_2110_,8.1
_2111_,8.1
RF.registers\[25\]\[25\],8.08
_1264_,8.08
_0302_,8.065
_0375_,8.065
_0564_,8.06
_1916_,8.06
ALUresult[0],8.04
ALUresult[11],8.04
ALUresult[12],8.04
ALUresult[13],8.04
ALUresult[14],8.04
ALUresult[16],8.04
ALUresult[17],8.04
ALUresult[18],8.04
ALUresult[19],8.04
ALUresult[1],8.04
ALUresult[20],8.04
ALUresult[21],8.04
ALUresult[22],8.04
ALUresult[23],8.04
ALUresult[24],8.04
ALUresult[25],8.04
ALUresult[26],8.04
ALUresult[27],8.04
ALUresult[28],8.04
ALUresult[29],8.04
ALUresult[2],8.04
ALUresult[31],8.04
ALUresult[3],8.04
ALUresult[4],8.04
ALUresult[6],8.04
ALUresult[7],8.04
ALUresult[8],8.04
ALUresult[9],8.04
_0795_,8.04
_1917_,8.04
_0174_,8.025
_0291_,8.025
_1428_,8.02
_1385_,8
RF.registers\[20\]\[21\],7.98
RF.registers\[8\]\[18\],7.98
_2103_,7.98
_1218_,7.96
_0604_,7.94
_0828_,7.94
_0888_,7.94
_1905_,7.94
_1514_,7.92
_1807_,7.9
_0242_,7.88
_0617_,7.88
_0955_,7.88
RF.registers\[9\]\[10\],7.86
_0092_,7.825
_0759_,7.82
_0821_,7.82
_1711_,7.82
_1400_,7.8
_1633_,7.78
_0087_,7.745
_0188_,7.745
_0151_,7.735
_1686_,7.7
_0541_,7.68
_1748_,7.68
RF.registers\[15\]\[3\],7.66
_1075_,7.64
_1325_,7.64
_1880_,7.64
_1900_,7.64
_1943_,7.64
_1965_,7.64
_0297_,7.62
_0224_,7.605
_0894_,7.6
_1445_,7.6
_1597_,7.6
_1907_,7.6
_1294_,7.58
_0176_,7.565
RF.registers\[15\]\[26\],7.56
RF.registers\[25\]\[15\],7.56
RF.registers\[25\]\[8\],7.56
_0703_,7.54
RF.registers\[20\]\[1\],7.52
_0797_,7.52
_1333_,7.52
_1487_,7.52
_2133_,7.52
_1184_,7.5
_0156_,7.485
_0585_,7.48
_1122_,7.46
RF.registers\[8\]\[15\],7.44
_1102_,7.44
_1170_,7.44
_2061_,7.44
_2094_,7.44
_0256_,7.42
RF.registers\[21\]\[8\],7.4
_0234_,7.385
_0140_,7.345
_1353_,7.32
_0383_,7.305
_0349_,7.285
_1415_,7.28
_0167_,7.275
_0145_,7.265
_0874_,7.26
_0301_,7.245
_1403_,7.24
_1652_,7.24
RF.registers\[25\]\[9\],7.22
_0891_,7.22
_1410_,7.22
_1881_,7.22
RF.registers\[15\]\[29\],7.2
_0097_,7.195
_1166_,7.18
_1214_,7.18
_1233_,7.18
_1463_,7.18
_1949_,7.18
_2043_,7.18
_0193_,7.145
_1072_,7.14
_1470_,7.14
_1927_,7.14
net40,7.14
_1334_,7.12
_1825_,7.12
_0360_,7.105
RF.registers\[8\]\[29\],7.1
_0631_,7.1
_1787_,7.1
_2020_,7.1
_2083_,7.1
RF.registers\[8\]\[1\],7.06
RF.registers\[8\]\[23\],7.06
RF.registers\[9\]\[30\],7.06
_0668_,7.06
_1383_,7.06
_1585_,7.06
_1699_,7.06
_1872_,7.06
_1966_,7.06
_2120_,7.06
RF.registers\[8\]\[21\],6.98
_1624_,6.98
RF.registers\[15\]\[24\],6.96
_0160_,6.96
_0178_,6.925
_0187_,6.9
RF.registers\[25\]\[11\],6.88
_0164_,6.865
RF.registers\[21\]\[10\],6.86
RF.registers\[8\]\[13\],6.86
_0085_,6.825
_0091_,6.825
_0229_,6.825
_0708_,6.78
_0243_,6.765
_0407_,6.76
_1765_,6.76
_0471_,6.72
_0781_,6.72
_0870_,6.72
_0932_,6.72
_0965_,6.72
_1873_,6.72
_1882_,6.72
_2065_,6.72
_2074_,6.72
_0168_,6.685
_0034_,6.645
_0169_,6.645
RF.registers\[15\]\[17\],6.64
_1439_,6.64
_1750_,6.64
_1816_,6.64
_2055_,6.64
_0780_,6.62
RF.registers\[8\]\[26\],6.6
_1295_,6.6
_1526_,6.6
_2045_,6.6
_2078_,6.6
_2128_,6.6
_2084_,6.54
_1845_,6.52
_1431_,6.42
_1313_,6.4
_0356_,6.365
reset,6.31
RF.registers\[21\]\[24\],6.3
_0643_,6.3
_0941_,6.3
_1477_,6.3
_1800_,6.3
_2029_,6.3
_2032_,6.3
_2129_,6.3
RF.registers\[25\]\[4\],6.28
_2073_,6.28
_0324_,6.275
_0562_,6.26
_0575_,6.26
_0709_,6.26
_1044_,6.26
_1599_,6.26
_1609_,6.26
_1675_,6.26
_1715_,6.26
_1942_,6.26
_1997_,6.26
_2052_,6.26
_2125_,6.26
_0165_,6.235
_0157_,6.225
_1754_,6.2
net80,6.2
_0161_,6.185
_0198_,6.185
_0299_,6.185
RF.registers\[21\]\[7\],6.18
_1056_,6.18
_1733_,6.18
_1854_,6.18
_2028_,6.18
_2076_,6.18
_2099_,6.18
_2100_,6.18
_0221_,6.175
_1239_,6.16
_1337_,6.16
RF.registers\[15\]\[25\],6.14
_0642_,6.14
_0723_,6.14
_0778_,6.14
_1017_,6.14
_1096_,6.14
_1707_,6.14
_1727_,6.14
_1827_,6.14
_1874_,6.14
_1879_,6.14
_1909_,6.14
_1935_,6.14
_1945_,6.14
_1950_,6.14
_2064_,6.14
_2108_,6.14
net75,6.14
_1967_,6.12
_0715_,6.08
_1687_,6.07
_0779_,6.06
_0186_,6.04
_0286_,6.04
_0321_,6.04
_0908_,6.04
_0232_,6.015
_1026_,5.96
_0131_,5.945
RF.registers\[15\]\[8\],5.94
_1828_,5.94
_0384_,5.935
_1417_,5.92
_0129_,5.905
_0316_,5.895
_0081_,5.865
RF.registers\[9\]\[8\],5.84
_1731_,5.84
_1769_,5.84
_1778_,5.84
_1856_,5.84
_2097_,5.84
_1864_,5.82
_0149_,5.805
_0002_,5.8
_1511_,5.8
_1541_,5.8
_1551_,5.8
_1840_,5.8
_1861_,5.8
_1871_,5.8
_1959_,5.8
_2040_,5.8
_0223_,5.765
RF.registers\[15\]\[18\],5.72
_1563_,5.72
_1734_,5.72
_1831_,5.72
_2004_,5.72
_2016_,5.72
_0676_,5.68
_0774_,5.68
_1004_,5.68
_1106_,5.68
_1171_,5.68
_1360_,5.68
_1422_,5.68
_1529_,5.68
_1571_,5.68
_1783_,5.68
_1788_,5.68
_1811_,5.68
_2019_,5.68
_0001_,5.65
_0706_,5.645
_0017_,5.62
_0677_,5.6
_1737_,5.6
RF.registers\[20\]\[4\],5.58
_0311_,5.58
_0323_,5.58
_0173_,5.525
_1032_,5.52
_0318_,5.505
_0368_,5.505
_0268_,5.5
_1267_,5.5
_1093_,5.48
_0277_,5.475
_1328_,5.46
_0013_,5.435
_1160_,5.4
_1631_,5.4
_1673_,5.38
_2007_,5.38
_2046_,5.38
_2092_,5.38
_1057_,5.36
_1503_,5.36
_0066_,5.345
_0490_,5.34
_0597_,5.34
_0632_,5.34
_0837_,5.34
_1079_,5.34
_1453_,5.34
_1672_,5.34
_1759_,5.34
_1802_,5.34
_1815_,5.34
_1841_,5.34
_1844_,5.34
_1883_,5.34
_1937_,5.34
_2015_,5.34
net83,5.34
_0093_,5.305
_0101_,5.305
_0245_,5.305
_0732_,5.28
_1111_,5.28
_2035_,5.28
_0220_,5.265
_0237_,5.265
RF.registers\[15\]\[28\],5.26
_0437_,5.26
_0609_,5.26
_0734_,5.26
_1179_,5.26
_1478_,5.26
_1657_,5.26
_1746_,5.26
_1767_,5.26
_1822_,5.26
_1839_,5.26
_2085_,5.26
_2095_,5.26
_2109_,5.26
_2136_,5.26
_0912_,5.24
_0587_,5.22
_0985_,5.22
_1140_,5.22
_1386_,5.22
_1760_,5.22
_1781_,5.22
_1842_,5.22
_1850_,5.22
_1875_,5.22
_1901_,5.22
_1978_,5.22
_2021_,5.22
_2079_,5.22
_2080_,5.22
_2116_,5.22
_0023_,5.18
_0380_,5.16
_0606_,5.16
_0614_,5.16
_0998_,5.14
_1756_,5.14
_2077_,5.14
_1153_,5.1
_0250_,5.095
_0304_,5.095
_0314_,5.095
_0280_,5.065
_0833_,5.06
_1721_,5.06
_0113_,5.045
_0148_,5.045
RF.registers\[20\]\[3\],5.04
_0208_,5.02
_0290_,5.02
_0694_,5.02
_0787_,5
_1654_,5
_1039_,4.94
_1064_,4.94
_0521_,4.92
_0582_,4.92
_0769_,4.92
_1766_,4.92
_2022_,4.92
net70,4.92
_0325_,4.885
_0393_,4.885
RF.registers\[15\]\[22\],4.88
_0579_,4.88
_0603_,4.88
_0728_,4.88
_0788_,4.88
_0827_,4.88
_1049_,4.88
_1210_,4.88
_1414_,4.88
_1435_,4.88
_1452_,4.88
_1525_,4.88
_1772_,4.88
_1793_,4.88
_1848_,4.88
_1863_,4.88
_1865_,4.88
_1876_,4.88
_1973_,4.88
_2047_,4.88
_2106_,4.88
_0082_,4.845
_0099_,4.845
_0182_,4.845
_0249_,4.845
_0309_,4.845
_0373_,4.845
_0391_,4.845
_1796_,4.82
_1948_,4.82
_0326_,4.805
_0758_,4.8
_0770_,4.8
_1098_,4.8
_1138_,4.8
_1261_,4.8
_1378_,4.8
_1492_,4.8
_1645_,4.8
_1773_,4.8
_1780_,4.8
_2090_,4.8
_0915_,4.76
_1350_,4.76
_1397_,4.76
_1794_,4.76
_1826_,4.76
_1852_,4.76
_2012_,4.76
_2030_,4.76
_0310_,4.7
_1251_,4.68
_1823_,4.68
_1068_,4.66
_0147_,4.625
_0716_,4.6
_0011_,4.585
_0070_,4.585
_0175_,4.585
_0181_,4.585
_0185_,4.585
_0226_,4.585
RF.registers\[25\]\[21\],4.58
_1038_,4.54
_0213_,4.525
_0921_,4.515
_0962_,4.48
_1185_,4.48
_0293_,4.46
_0735_,4.46
_1695_,4.46
_1820_,4.46
_2098_,4.46
RF.registers\[15\]\[23\],4.44
_0067_,4.425
_0116_,4.425
_0251_,4.425
_0641_,4.42
_0743_,4.42
_0847_,4.42
_1132_,4.42
_1421_,4.42
_1805_,4.42
_1843_,4.42
_1859_,4.42
_2010_,4.42
_2017_,4.42
_2086_,4.42
_2087_,4.42
net71,4.42
_0020_,4.385
_0047_,4.385
_0089_,4.385
_0103_,4.385
_0228_,4.385
_0239_,4.385
_0342_,4.385
_0350_,4.385
_1549_,4.36
_1795_,4.36
net51,4.36
_0686_,4.34
_0799_,4.34
_1008_,4.34
_1198_,4.34
_1743_,4.34
_1792_,4.34
_1837_,4.34
_1849_,4.34
_0190_,4.325
_0035_,4.295
_0096_,4.295
_0214_,4.295
_0158_,4.265
_0329_,4.265
_0331_,4.24
_1204_,4.24
_1661_,4.22
_0895_,4.2
_1042_,4.2
_0204_,4.165
_0004_,4.15
_0943_,4.14
_1664_,4.12
net57,4.12
_1369_,4.1
_1709_,4.02
net68,4.02
RF.registers\[21\]\[4\],4
_0599_,4
_0803_,4
_1181_,4
_1326_,4
_1735_,4
_1777_,4
_1824_,4
_2023_,4
_2027_,4
_0236_,3.975
_0042_,3.965
_0319_,3.965
_0327_,3.965
_0050_,3.925
_0240_,3.925
_0351_,3.925
_0371_,3.925
_0386_,3.925
_1547_,3.9
_1779_,3.9
_2096_,3.9
_0569_,3.88
_0793_,3.88
_0942_,3.88
_1219_,3.88
_1710_,3.88
_1866_,3.88
_1877_,3.88
_0166_,3.865
_1558_,3.86
_0305_,3.805
_0110_,3.8
_0146_,3.78
_0194_,3.78
_0374_,3.78
_1304_,3.78
_0953_,3.74
_1021_,3.74
_0038_,3.705
_0078_,3.685
_1621_,3.68
_2000_,3.68
_1242_,3.64
_0153_,3.605
_0235_,3.585
_1717_,3.56
_1296_,3.54
_1382_,3.54
_1406_,3.54
_1564_,3.54
_1808_,3.54
_2011_,3.54
_2089_,3.54
_2102_,3.54
net55,3.54
net58,3.54
_0098_,3.535
_0008_,3.505
_0241_,3.505
_0257_,3.505
_0332_,3.505
_0341_,3.505
_0086_,3.465
_0118_,3.465
_0134_,3.465
_0170_,3.465
_0334_,3.465
_0389_,3.465
_0836_,3.44
_1165_,3.44
_2031_,3.44
_0415_,3.42
_0809_,3.42
_0883_,3.42
_0900_,3.42
_1036_,3.42
_1139_,3.42
_1308_,3.42
_1371_,3.42
_1557_,3.42
_1742_,3.42
_1801_,3.42
_1829_,3.42
_1860_,3.42
_2013_,3.42
_2026_,3.42
_2072_,3.42
net94,3.42
_0026_,3.405
_0076_,3.405
_0177_,3.405
_0180_,3.405
_0183_,3.405
_0246_,3.405
_0328_,3.405
_0330_,3.405
_1260_,3.4
_0019_,3.345
_0372_,3.345
_0159_,3.32
_0370_,3.32
_1719_,3.3
_0422_,3.26
_0022_,3.245
_0031_,3.245
_0121_,3.245
_0191_,3.245
_0264_,3.245
_0278_,3.245
_0381_,3.245
_0385_,3.245
_0172_,3.225
_0522_,3.22
_1442_,3.22
_1485_,3.2
_1402_,3.18
_1648_,3.18
_0025_,3.175
_0064_,3.175
_0155_,3.175
_0285_,3.175
_0364_,3.175
_0075_,3.145
_0216_,3.145
_0348_,3.145
_0199_,3.125
_1392_,3.1
_1502_,3.1
_0574_,3.08
_0741_,3.08
_0760_,3.08
_0783_,3.08
_0822_,3.08
_0852_,3.08
_1117_,3.08
_1449_,3.08
_1513_,3.08
_1580_,3.08
_1689_,3.08
_1791_,3.08
_2039_,3.08
_2081_,3.08
_0094_,3.055
_0007_,3.045
_0227_,3.045
_0357_,3.045
_0365_,3.045
_0117_,3.005
_0136_,3.005
_0137_,3.005
_0283_,3.005
_0340_,3.005
_0388_,3.005
_1168_,2.985
_0152_,2.98
_0654_,2.98
_1586_,2.98
_1618_,2.98
_1732_,2.98
_1784_,2.98
_2009_,2.98
_2123_,2.98
_0697_,2.96
_0719_,2.96
_0817_,2.96
_0920_,2.96
_0961_,2.96
_0980_,2.96
_1014_,2.96
_1552_,2.96
_1560_,2.96
_1591_,2.96
_1639_,2.96
_1706_,2.96
_1785_,2.96
_1819_,2.96
_1878_,2.96
_2104_,2.96
_0231_,2.885
_0377_,2.885
_0048_,2.88
_0059_,2.88
_0281_,2.88
_0306_,2.88
_0060_,2.86
_0184_,2.86
_0201_,2.86
_0217_,2.86
_0230_,2.86
_0254_,2.86
_0320_,2.86
_0322_,2.86
_0352_,2.86
_0359_,2.86
_1024_,2.86
_1475_,2.86
_1231_,2.84
_0215_,2.835
_0071_,2.785
_0138_,2.785
_0258_,2.785
_0259_,2.785
_0300_,2.785
_0362_,2.785
_0363_,2.785
_0367_,2.785
_1298_,2.76
_1394_,2.76
_0296_,2.74
_0598_,2.74
_1253_,2.74
_1293_,2.74
_1653_,2.74
_0742_,2.72
_0014_,2.715
_0055_,2.715
_0080_,2.715
_0197_,2.715
_0212_,2.715
_0219_,2.715
_0222_,2.715
_0269_,2.715
_0308_,2.715
_0315_,2.715
_0317_,2.715
_0012_,2.705
_0030_,2.705
_0260_,2.705
_0279_,2.705
_0474_,2.64
_0866_,2.64
_1030_,2.64
_1082_,2.64
_1662_,2.64
_1681_,2.64
_0416_,2.62
_0671_,2.62
_1087_,2.62
_1305_,2.62
_1451_,2.62
_1745_,2.62
_1817_,2.62
_1857_,2.62
_1186_,2.6
_0058_,2.595
_0106_,2.595
_0336_,2.595
_0338_,2.595
_0252_,2.585
_0052_,2.545
_0053_,2.545
_0054_,2.545
_0141_,2.545
_0255_,2.545
_0358_,2.545
_0974_,2.52
_1091_,2.52
_1755_,2.52
_1774_,2.52
_1838_,2.52
_1855_,2.52
_0584_,2.5
_0745_,2.5
_0838_,2.5
_0841_,2.5
_0854_,2.5
_0869_,2.5
_0914_,2.5
_0949_,2.5
_0952_,2.5
_1177_,2.5
_1269_,2.5
_1270_,2.5
_1288_,2.5
_1332_,2.5
_1341_,2.5
_1363_,2.5
_1384_,2.5
_1535_,2.5
_1536_,2.5
_1555_,2.5
_1771_,2.5
_2112_,2.5
_0015_,2.495
_0006_,2.485
_0016_,2.485
_0039_,2.485
_0045_,2.485
_0049_,2.485
_0061_,2.485
_0062_,2.485
_0077_,2.485
_0126_,2.485
_0128_,2.485
_0139_,2.485
_0238_,2.485
_0261_,2.485
_0272_,2.485
_0339_,2.485
_0347_,2.485
_0354_,2.485
_0024_,2.42
_0040_,2.42
_0051_,2.42
_0109_,2.42
_0428_,2.4
_1003_,2.4
_1041_,2.4
_1628_,2.4
_1758_,2.4
_0003_,2.38
_0111_,2.375
_0114_,2.375
_0200_,2.375
_0209_,2.375
_0233_,2.375
_0382_,2.375
_0037_,2.325
_0102_,2.325
_0119_,2.325
_0127_,2.325
_0133_,2.325
_0162_,2.325
_0263_,2.325
_0270_,2.325
_0307_,2.325
_0353_,2.325
_0680_,2.3
_0988_,2.3
_0000_,2.28
_1192_,2.28
_0057_,2.255
_0072_,2.255
_0079_,2.255
_0115_,2.255
_0163_,2.255
_0337_,2.255
_0501_,2.215
_1291_,2.18
RF.registers\[15\]\[4\],2.16
_0491_,2.16
_0549_,2.16
_0750_,2.16
_0752_,2.16
_0931_,2.16
_0963_,2.16
_1249_,2.16
_1373_,2.16
_1447_,2.16
_1505_,2.16
_1539_,2.16
_0021_,2.125
_0108_,2.125
_0122_,2.125
_0135_,2.125
_0202_,2.125
_0210_,2.125
_0211_,2.125
_0247_,2.125
_0303_,2.125
_0033_,2.085
_0046_,2.085
_0065_,2.085
_0073_,2.085
_0225_,2.085
_0266_,2.085
_0276_,2.085
_0288_,2.085
_0345_,2.085
_0658_,2.06
_0733_,2.06
_0751_,2.06
_0884_,2.06
_1274_,2.06
_1409_,2.06
_1770_,2.06
_1813_,2.06
_1818_,2.06
_1830_,2.06
_1868_,2.06
_1885_,2.06
_2008_,2.06
_2107_,2.06
_0486_,2.04
_0540_,2.04
_0753_,2.04
_1161_,2.04
_1182_,2.04
_1283_,2.04
_1601_,2.04
_1678_,2.04
_1736_,2.04
_0262_,2.035
_0010_,2.025
_0018_,2.025
_0029_,2.025
_0041_,2.025
_0056_,2.025
_0084_,2.025
_0088_,2.025
_0090_,2.025
_0095_,2.025
_0112_,2.025
_0120_,2.025
_0124_,2.025
_0150_,2.025
_0218_,2.025
_0282_,2.025
_0284_,2.025
_0313_,2.025
_0335_,2.025
_0346_,2.025
_0355_,2.025
_0392_,2.025
_1083_,1.94
_1438_,1.94
_1592_,1.94
_0125_,1.915
_0267_,1.915
_1658_,1.915
_0005_,1.865
_0069_,1.865
_0074_,1.865
_0142_,1.865
_0143_,1.865
_0144_,1.865
_0206_,1.865
_0244_,1.865
_0265_,1.865
_0273_,1.865
_0287_,1.865
_0312_,1.865
_0333_,1.865
_0387_,1.865
_0502_,1.84
_0898_,1.84
_1101_,1.84
_1255_,1.84
_1462_,1.84
_1173_,1.82
_0855_,1.72
_0950_,1.72
_1366_,1.72
_1694_,1.72
_0444_,1.7
_0523_,1.7
_0885_,1.7
_1248_,1.7
_1494_,1.7
_1625_,1.7
_1636_,1.7
_1739_,1.7
_1747_,1.7
_1761_,1.7
_1972_,1.7
net54,1.7
net76,1.7
_1495_,1.6
_1730_,1.6
_1782_,1.6
_2005_,1.6
_2006_,1.6
_0028_,1.575
_0032_,1.575
_0043_,1.575
_0063_,1.575
_0083_,1.575
_0253_,1.575
_0271_,1.575
_0343_,1.575
_1066_,1.48
_0044_,1.405
_0104_,1.405
_0105_,1.405
_0107_,1.405
_0192_,1.405
_0205_,1.405
_0274_,1.405
_0289_,1.405
_0344_,1.405
_0366_,1.405
_0369_,1.405
_0379_,1.405
_1473_,1.38
_1496_,1.38
_1614_,1.38
_0989_,1.36
_1999_,1.26
_1578_,1.14
_1776_,1.14
_1790_,1.14
_1803_,1.14
_1804_,1.14
_1806_,1.14
_1812_,1.14
_1814_,1.14
_1851_,1.14
_2018_,1.14
_2024_,1.14
_2033_,1.14
_2075_,1.14
_2088_,1.14
_2091_,1.14
_2115_,1.14
_1853_,1.12
_1031_,1.02
_0431_,0.92
_0568_,0.92
_0681_,0.92
_1420_,0.92
_0630_,0.8
_1130_,0.8
_1642_,0.8
_0687_,0.46
_0846_,0.46
_0933_,0.46
_0979_,0.46
net67,0.46
